<?xml version="1.0" encoding="UTF-8"?>
<!DOCTYPE mapper PUBLIC "-//mybatis.org//DTD Mapper 3.0//EN" "http://mybatis.org/dtd/mybatis-3-mapper.dtd">
<mapper namespace="OrdersMapper">
	<resultMap id="BaseResultMap" type="com.Jutuan.bean.Orders">
		<result column="ordernum" jdbcType="VARCHAR" property="ordernum" />
		<result column="pid" jdbcType="VARCHAR" property="pid" />
		<result column="ordertime" jdbcType="VARCHAR" property="ordertime" />
		<result column="ocount" jdbcType="INTEGER" property="ocount" />
		<result column="oprice" jdbcType="REAL" property="oprice" />
		<result column="pdesc" jdbcType="VARCHAR" property="pdesc" />
		<result column="username" jdbcType="VARCHAR" property="username" />
		<result column="address" jdbcType="VARCHAR" property="address" />
	</resultMap>
	<insert id="insert" parameterType="com.Jutuan.bean.Orders">
		insert into orders (ordernum, pid, ordertime,
		ocount, oprice, pdesc,
		username,address)
		values (#{ordernum,jdbcType=VARCHAR}, #{pid,jdbcType=VARCHAR},
		#{ordertime,jdbcType=VARCHAR},
		#{ocount,jdbcType=INTEGER}, #{oprice,jdbcType=REAL}, #{pdesc,jdbcType=VARCHAR},
		#{username,jdbcType=VARCHAR},#{address,jdbcType=VARCHAR})
	</insert>
	
	<select id="queryAll" resultMap="BaseResultMap">
		select * from orders;   
	</select>
	 
	
	<insert id="insertSelective" parameterType="com.Jutuan.bean.Orders">
		insert into orders
		<trim prefix="(" suffix=")" suffixOverrides=",">
			<if test="ordernum != null">
				ordernum,
			</if>
			<if test="pid != null">
				pid,
			</if>
			<if test="ordertime != null">
				ordertime,
			</if>
			<if test="ocount != null">
				ocount,
			</if>
			<if test="oprice != null">
				oprice,
			</if>
			<if test="pdesc != null">
				pdesc,
			</if>
			<if test="username != null">
				username,
			</if>
			<if test="address != null">
				address,
			</if>
		</trim>
		<trim prefix="values (" suffix=")" suffixOverrides=",">
			<if test="ordernum != null">
				#{ordernum,jdbcType=VARCHAR},
			</if>
			<if test="pid != null">
				#{pid,jdbcType=VARCHAR},
			</if>
			<if test="ordertime != null">
				#{ordertime,jdbcType=VARCHAR},
			</if>
			<if test="ocount != null">
				#{ocount,jdbcType=INTEGER},
			</if>
			<if test="oprice != null">
				#{oprice,jdbcType=REAL},
			</if>
			<if test="pdesc != null">
				#{pdesc,jdbcType=VARCHAR},
			</if>
			<if test="username != null">
				#{username,jdbcType=VARCHAR},
			</if>
			<if test="address != null">
				#{address,jdbcType=VARCHAR},
			</if>
		</trim>
	</insert>
</mapper>